website,cookie_name,cookie_value,stage,button_text
https://tinycookie.com/,tinycookie_session,eyJpdiI6IlUxeHMzTk5INVZwekdOQW9hclpER2c9PSIsInZhbHVlIjoieE5nZFY4ZW15UXFDNHgybHNaa21EYXNETzNhTFJlOVBaOFFJcmtKaGhIWTAwVDMwNjNGalJ1K1BQQjhLWVY0ZktBWkh6b3ZHb0VzNjVyOXpaNUI5eVBaZmltSG5WZ0JlMGNiV3ltNndab2pCR2FsSkV3RytkdHVwcStaQTR1NjgiLCJtYWMiOiIxOGIyZTA0M2Y1MmY1NDY3NzBmZDg3YzIyNjI2ZTU0MDgzZGFiYTA3NzdkNTg5OGQ4ZDQ3Y2IwNDRmYzA5MDc2IiwidGFnIjoiIn0%3D,page_load,
https://tinycookie.com/,XSRF-TOKEN,eyJpdiI6IithcWVONnp4TTNSbGtZbmhuZ1VnSnc9PSIsInZhbHVlIjoiQkJoZHVwT0xwWXlCNEZ5cGxyejZINHdZdjMxM2ZUdnZZcUpjUHlOTHhDaUxZRDNnZHcrTDhtdkl5U3JUTnpGVmNJSHBYdUxhQzUxdXJWcWpQZEQxcWVSc1BjMkVtSFJnK09nMHB5QnREOEdyUmVyOFI2V1NBTFQxQUZGZ0doSUMiLCJtYWMiOiJmOTc0YWRmZTY1NDc3MGUxMDNhZTU2ZjBjYzEzNDU5MTM5NDM5OWQzZGM1NDE4OTc3MjI5NDQyYmY4ZDg3YThkIiwidGFnIjoiIn0%3D,page_load,
https://tinycookie.com/,crisp-client%2Fsession%2F99fcaca8-fcfd-459a-9dbe-2d4879fc5dde,session_6fc282ce-a510-4819-89b6-a207a53aa31e,page_load,
https://tinycookie.com/,tinycookie,1,after_accept,Accept
https://tinycookie.com/,_ga,GA1.1.1648386549.1771366511,after_accept,Accept
https://tinycookie.com/,_ga_KQ1XVE2YEX,GS2.1.s1771366511$o1$g1$t1771366512$j60$l0$h0,after_accept,Accept
https://tinycookie.com/,crisp-client%2Fsession%2F99fcaca8-fcfd-459a-9dbe-2d4879fc5dde,session_6bb2df6b-2900-43b6-a257-122285b06353,after_accept,Accept
https://tinycookie.com/,XSRF-TOKEN,eyJpdiI6ImNTcC85anNuR0RONHFQR0NsQkNXL1E9PSIsInZhbHVlIjoidkY4S2RpQ2p5Q2s2Q3lodUFLem9rblptbTQrQmtIcG9lZTVGendUdEVTVWlDZ0h6Mk9vRUVoTDYyZlVnZStkQUdkM3pUWmxITW5ZSzR2OHRPYVJqTWROV0VwZnpXMTl0Q09WNUtqWkRQUXd3NVY2SFBLSVY2U2txYjM3N0xYeFEiLCJtYWMiOiJmNzA5Y2NmZTEzY2NkYjJkMDRhYzA5ZGIyMDNmMTJmMzZlM2RkZWNhYzA0NmI4YjY1YjhlNzllYjI3N2JiNGU4IiwidGFnIjoiIn0%3D,after_accept,Accept
https://tinycookie.com/,tinycookie_acc,"req,func,anal,mark",after_accept,Accept
https://tinycookie.com/,tinycookie_session,eyJpdiI6ImxYQ3pwSEZPdnhjbU1PUUlrbkZ6K2c9PSIsInZhbHVlIjoiVUZJYWQzcXZST0tnc0szT2ZDSjkyNWtUN29TZTlhdEc1ZUhXVHhaaW9YMHRXeGVoeFVoNTBhL05HbVBFU2R3WXVwOFZaZENzRmNRN2lTblFCdU1xZXZXcGJrWTlVODAwaWpHY0FhbVMyTnNLVVIrT1dIUGQ3K0FtTnB1TTV5d2wiLCJtYWMiOiJjOTNkN2U3M2M3OTA3N2Q0ZGNlZDdhYmQ2ODkxYTVlMDZmNzc3MTVkYTBkODk1YjE4MmQ2MmZiNzRhZTA3NWQ3IiwidGFnIjoiIn0%3D,after_accept,Accept
https://www.polleverywhere.com,_ga,GA1.1.869974054.1771366538,page_load,
https://www.polleverywhere.com,__cf_bm,QEaIe0Eh3bfkwCxoGF2s0.hfndI4qg9DLAd6FZfbqwQ-1771366537-1.0.1.1-uBmcrWyVR_sdY5fYd0xtUBd_JfIUJgQXxtbcZb4CkXPocUTpYscn0rgvwXH4Cm4P5N73W1LPP4cHb1LABn1SrNBuYoaBi3HLQVEzjg8qDh8,page_load,
https://www.polleverywhere.com,hs_ab_test,171922626852:195893190541,page_load,
https://www.polleverywhere.com,__hssrc,1,page_load,
https://www.polleverywhere.com,_gcl_au,1.1.1068915117.1771366538,page_load,
https://www.polleverywhere.com,_ga_YPGG9RYX9L,GS2.1.s1771366537$o1$g1$t1771366539$j58$l0$h0,page_load,
https://www.polleverywhere.com,hubspotutk,16c758566437afa8fe2bd826eadd4589,page_load,
https://www.polleverywhere.com,__hssc,40003517.1.1771366539028,page_load,
https://www.polleverywhere.com,_cfuvid,91icAPDXG0ciyvQl.AcQ5vnnUye6SSg3uo1ao0KbAqE-1771366537328-0.0.1.1-604800000,page_load,
https://www.polleverywhere.com,__hstc,40003517.16c758566437afa8fe2bd826eadd4589.1771366539028.1771366539028.1771366539028.1,page_load,
https://www.polleverywhere.com,__cf_bm,EXZAs3lk0nJOf3QRaQyW8FY9XmS5y3.kUBHJERqaNPk-1771366543-1.0.1.1-orbkpjUNi2UqzZfB2gjfE1hiKh4.INkXShQVDqggTID4lb0T_ukfd_LCOTukug06omZNqzbeaxjj7zygFb41yg7ZtoopFBVE2TqMdkHVzL8,after_accept,Accept
https://www.polleverywhere.com,hubspotutk,b09a3465e4e4207bed94865dd855e021,after_accept,Accept
https://www.polleverywhere.com,_ga_YPGG9RYX9L,GS2.1.s1771366541$o1$g1$t1771366543$j58$l0$h0,after_accept,Accept
https://www.polleverywhere.com,__hstc,40003517.b09a3465e4e4207bed94865dd855e021.1771366541969.1771366541969.1771366541969.1,after_accept,Accept
https://www.polleverywhere.com,__hs_cookie_cat_pref,1:true_2:true_3:true,after_accept,Accept
https://www.polleverywhere.com,__hssc,40003517.2.1771366541969,after_accept,Accept
https://www.polleverywhere.com,__hssrc,1,after_accept,Accept
https://www.polleverywhere.com,hs_ab_test,171922626852:195893190541,after_accept,Accept
https://www.polleverywhere.com,_ga,GA1.1.702457968.1771366542,after_accept,Accept
https://www.polleverywhere.com,_gcl_au,1.1.1807701934.1771366542,after_accept,Accept
https://www.polleverywhere.com,_cfuvid,4d_7PyoML2COM5kcQO6DkNVB4PtG8h_uMzrmdTt_NOI-1771366543519-0.0.1.1-604800000,after_accept,Accept
https://www.polleverywhere.com,__cf_bm,eXOqCX28ywZomNAgsxPKPfGK7AByN9kaTpX8MJeWlnI-1771366552-1.0.1.1-GAFIT_PDPXw56lYApn3HjF0Pw92SySXZLdEhSw0B3IzaIANNFyZ1Wxm87q6Ose7w5hDa_APgastuL50eUgk.kVU0aTWMAKZqCgpi2WgZKEM,after_reject,Decline
https://www.polleverywhere.com,_ga,GA1.1.225437404.1771366549,after_reject,Decline
https://www.polleverywhere.com,hs_ab_test,171922626852:195893190541,after_reject,Decline
https://www.polleverywhere.com,_gcl_au,1.1.1889591862.1771366550,after_reject,Decline
https://www.polleverywhere.com,_cfuvid,OLccOy7ykHyYAAGyOzLcsQ57z4jEery8Ni.JTfdLrsM-1771366552686-0.0.1.1-604800000,after_reject,Decline
https://www.polleverywhere.com,__hs_cookie_cat_pref,1:false_2:false_3:false,after_reject,Decline
https://www.ferrari.com/en-US,wt3_eid,%3B174166340414550%7C2177136656679699967%232177136656636046292,page_load,
https://www.ferrari.com/en-US,__utmzzses,1,page_load,
https://www.ferrari.com/en-US,_ga_JM1HT9B412,GS2.1.s1771366563$o1$g0$t1771366564$j59$l0$h2138592199,page_load,
https://www.ferrari.com/en-US,OptanonConsent,isGpcEnabled=0&datestamp=Tue+Feb+17+2026+14%3A16%3A04+GMT-0800+(Pacific+Standard+Time)&version=202505.1.0&browserGpcFlag=0&isIABGlobal=false&hosts=&consentId=c48c24ec-b1d3-4bf8-8880-22396866ec5e&interactionCount=0&isAnonUser=1&landingPath=https%3A%2F%2Fwww.ferrari.com%2Fen-US&GPPCookiesCount=1&groups=C0001%3A1%2CC0003%3A1%2CC0004%3A1,page_load,
https://www.ferrari.com/en-US,wt3_sid,%3B174166340414550,page_load,
https://www.ferrari.com/en-US,previous_page,/,page_load,
https://www.ferrari.com/en-US,_ga_5DG27PBPX2,GS2.1.s1771366563$o1$g0$t1771366563$j60$l0$h0,page_load,
https://www.ferrari.com/en-US,_ga,GA1.1.902196967.1771366564,page_load,
https://www.ferrari.com/en-US,wt_rla,174166340414550%2C1%2C1771366566322,page_load,
https://www.ferrari.com/en-US,initialTrafficSource,utmcsr=(direct)|utmcmd=(none)|utmccn=(not set),page_load,
https://www.ferrari.com/en-US,pageviewCount,1,page_load,
https://www.ferrari.com/en-US,dtCookie,v_4_srv_5_sn_2213C60157666C5E945979D47B346863_perc_100000_ol_0_mul_1_app-3A1b61021630676e31_1_rcs-3Acss_0,page_load,
https://www.ferrari.com/en-US,wt_cdbeid,1,page_load,
https://www.ferrari.com/en-US,OTGPPConsent,DBABLA~BVQqAAAAAAKA.QA,page_load,
https://www.ferrari.com/en-US,cleng_au,1.1.1078355538.1771366571,after_accept,Accept
https://www.ferrari.com/en-US,_ga_JM1HT9B412,GS2.1.s1771366568$o1$g1$t1771366572$j59$l0$h970227080,after_accept,Accept
https://www.ferrari.com/en-US,previous_page,/,after_accept,Accept
https://www.ferrari.com/en-US,wt_rla,174166340414550%2C2%2C1771366570888,after_accept,Accept
https://www.ferrari.com/en-US,_ga_5DG27PBPX2,GS2.1.s1771366568$o1$g1$t1771366571$j60$l0$h0,after_accept,Accept
https://www.ferrari.com/en-US,OptanonConsent,isGpcEnabled=0&datestamp=Tue+Feb+17+2026+14%3A16%3A12+GMT-0800+(Pacific+Standard+Time)&version=202505.1.0&browserGpcFlag=0&isIABGlobal=false&hosts=&consentId=4073384a-8bf0-4ce1-bfe0-ef9e7265d161&interactionCount=1&isAnonUser=1&landingPath=NotLandingPage&GPPCookiesCount=1&groups=C0001%3A1%2CC0003%3A1%2CC0004%3A1&intType=1&geolocation=US%3BWA&AwaitingReconsent=false,after_accept,Accept
https://www.ferrari.com/en-US,rxVisitor,17713665715685SG1NBCHNO1E3RCE1DFLE9BVIT864MTQ,after_accept,Accept
https://www.ferrari.com/en-US,_cs_s,1.0.U.9.1771368372775,after_accept,Accept
https://www.ferrari.com/en-US,dtSa,-,after_accept,Accept
https://www.ferrari.com/en-US,pageviewCount,2,after_accept,Accept
https://www.ferrari.com/en-US,OTGPPConsent,DBABLA~BVQqAAAAAAKA.QA,after_accept,Accept
https://www.ferrari.com/en-US,wt3_eid,%3B174166340414550%7C2177136657085318551%232177136657469746674,after_accept,Accept
https://www.ferrari.com/en-US,wt_cdbeid,1,after_accept,Accept
https://www.ferrari.com/en-US,_cs_c,0,after_accept,Accept
https://www.ferrari.com/en-US,dtPC,5$166571567_356h-vNJDFEWTPDAHFSEFSRCPIFPKPRCFIEAIB-0e0,after_accept,Accept
https://www.ferrari.com/en-US,wt3_sid,%3B174166340414550,after_accept,Accept
https://www.ferrari.com/en-US,dtCookie,v_4_srv_6_sn_2F987A0191722052D91B00E047F5A58C_perc_100000_ol_0_mul_1_app-3A1b61021630676e31_1_rcs-3Acss_0,after_accept,Accept
https://www.ferrari.com/en-US,_cs_id,fd82d31b-db3c-a570-b06d-eeae0f54d872.1771366572.1.1771366572.1771366572.1753109888.1805530572770.1.x,after_accept,Accept
https://www.ferrari.com/en-US,_ga,GA1.1.620377579.1771366568,after_accept,Accept
https://www.ferrari.com/en-US,__utmzzses,1,after_accept,Accept
https://www.ferrari.com/en-US,initialTrafficSource,utmcsr=(direct)|utmcmd=(none)|utmccn=(not set),after_accept,Accept
https://www.ferrari.com/en-US,OptanonAlertBoxClosed,2026-02-17T22:16:10.977Z,after_accept,Accept
https://www.ferrari.com/en-US,_gcl_au,1.1.1110607063.1771366571,after_accept,Accept
https://www.ferrari.com/en-US,rxvt,1771368374449|1771366571569,after_accept,Accept
https://www.t-mobile.com/switch/new-customer-switch-deals?gclsrc=aw.ds&&cmpid=MGPO_PB_P_EVGRNPSTPD_26741626_135032613545_778421130718&gad_source=1&gad_campaignid=16905361619&gbraid=0AAAAAD79WuVp3FzMfqdMwPJ_7FaAIPxY1&gclid=CjwKCAiAmp3LBhAkEiwAJM2JUP4kDZK9CcD0UuQ8YGlNcofSRuqkLDt2TNpbyPnjkFGd4uEVF-h_khoCNucQAvD_BwE,_gcl_dc,GCL.1771366610.CjwKCAiAmp3LBhAkEiwAJM2JUP4kDZK9CcD0UuQ8YGlNcofSRuqkLDt2TNpbyPnjkFGd4uEVF-h_khoCNucQAvD_BwE,page_load,
https://www.t-mobile.com/switch/new-customer-switch-deals?gclsrc=aw.ds&&cmpid=MGPO_PB_P_EVGRNPSTPD_26741626_135032613545_778421130718&gad_source=1&gad_campaignid=16905361619&gbraid=0AAAAAD79WuVp3FzMfqdMwPJ_7FaAIPxY1&gclid=CjwKCAiAmp3LBhAkEiwAJM2JUP4kDZK9CcD0UuQ8YGlNcofSRuqkLDt2TNpbyPnjkFGd4uEVF-h_khoCNucQAvD_BwE,akacd_www_t_mobile_com_phased_release_non_shared,1772662608~rv=88~id=8896e1aad3458541184ac37543a1a23f,page_load,
https://www.t-mobile.com/switch/new-customer-switch-deals?gclsrc=aw.ds&&cmpid=MGPO_PB_P_EVGRNPSTPD_26741626_135032613545_778421130718&gad_source=1&gad_campaignid=16905361619&gbraid=0AAAAAD79WuVp3FzMfqdMwPJ_7FaAIPxY1&gclid=CjwKCAiAmp3LBhAkEiwAJM2JUP4kDZK9CcD0UuQ8YGlNcofSRuqkLDt2TNpbyPnjkFGd4uEVF-h_khoCNucQAvD_BwE,_ga,GA1.1.253131759.1771366610,page_load,
https://www.t-mobile.com/switch/new-customer-switch-deals?gclsrc=aw.ds&&cmpid=MGPO_PB_P_EVGRNPSTPD_26741626_135032613545_778421130718&gad_source=1&gad_campaignid=16905361619&gbraid=0AAAAAD79WuVp3FzMfqdMwPJ_7FaAIPxY1&gclid=CjwKCAiAmp3LBhAkEiwAJM2JUP4kDZK9CcD0UuQ8YGlNcofSRuqkLDt2TNpbyPnjkFGd4uEVF-h_khoCNucQAvD_BwE,bm_sz,58740E54FE539C6CDD8FDACE83F3F73B~YAAQjdAuF6tKVVOcAQAAfW+tbR7CC+vH06AngFKjjBL4D09fgrIad65KjiJ75nl1p/LL8WhlQ/R4t+GFn/ylnijnlJ+wr8csl182KVkEcITfcf9JDC6J9YJip2SCGyVYvNVcUoFzU5XMtBf8Fgrmv5P5dsGYZumSa/BRuJMQWDC8799FqCWLyVLKJEXAkagLA5SRkTHxiIGtgTptpJMcoy4sAIfRd9U/cpQs/OqqZO0o5jIMfZQ4PdKMHVGZ8XXOj2vQfQYcv01uj6I/0FntF8nfRgvARe4Q9/EeZRCYeIY9eX2R7yKhBqcuL45lGwc052qWqenCcGO5qbxa1ikLtJaANRnHCCmz6CQfS2d8ercQAyH8ccT0sW7RVVU6lPpr4bdc/REydhtSgj+fzA4QcA==~3490873~3491142,page_load,
https://www.t-mobile.com/switch/new-customer-switch-deals?gclsrc=aw.ds&&cmpid=MGPO_PB_P_EVGRNPSTPD_26741626_135032613545_778421130718&gad_source=1&gad_campaignid=16905361619&gbraid=0AAAAAD79WuVp3FzMfqdMwPJ_7FaAIPxY1&gclid=CjwKCAiAmp3LBhAkEiwAJM2JUP4kDZK9CcD0UuQ8YGlNcofSRuqkLDt2TNpbyPnjkFGd4uEVF-h_khoCNucQAvD_BwE,mbox,session%2347696413668659231833757955065122367641%2DYuYGoj%231771368470,page_load,
https://www.t-mobile.com/switch/new-customer-switch-deals?gclsrc=aw.ds&&cmpid=MGPO_PB_P_EVGRNPSTPD_26741626_135032613545_778421130718&gad_source=1&gad_campaignid=16905361619&gbraid=0AAAAAD79WuVp3FzMfqdMwPJ_7FaAIPxY1&gclid=CjwKCAiAmp3LBhAkEiwAJM2JUP4kDZK9CcD0UuQ8YGlNcofSRuqkLDt2TNpbyPnjkFGd4uEVF-h_khoCNucQAvD_BwE,ac,t!0~s!0~m!0~b!0~h!0~n!0~l!0,page_load,
https://www.t-mobile.com/switch/new-customer-switch-deals?gclsrc=aw.ds&&cmpid=MGPO_PB_P_EVGRNPSTPD_26741626_135032613545_778421130718&gad_source=1&gad_campaignid=16905361619&gbraid=0AAAAAD79WuVp3FzMfqdMwPJ_7FaAIPxY1&gclid=CjwKCAiAmp3LBhAkEiwAJM2JUP4kDZK9CcD0UuQ8YGlNcofSRuqkLDt2TNpbyPnjkFGd4uEVF-h_khoCNucQAvD_BwE,bm_lso,6E084CAD316C133ADC282DA82A6F921E46D3D983713BAF92D6091DF2901C0B1B~YAAQjdAuF6pKVVOcAQAAfW+tbQY4iu6cCsKT/2xGtlgXBzBZqYuB/Gsw+mdIMWyrEyYLiq+B31kXtPsAPKqCTGv3z/fyGPsZm9vzMNZKj6KBIjxIVzgBpaI27ChvQn9ZmSj7FLA6q5IaH9bDznQYF0rrMnDzP2YpG0pF5i82ArUVER8ku9PMCsxOTxBGX9oGQDvCdQgYMva3efTtLV2MzVtLWLlqENSHawFPlwg0iwu1B1r3XLatl+re9GTS3P80KXnxkW7TnIl8csaYjuLex8zT3zTDAENuqyE2q5SU6OttAiksQCL6q7saygz5l1z/jSgYCs3CNcFqC8mDdkWaaK56ZgxIvJSY/E4MUsE6oIpeJli74FPiX8x82MWo987FqYHXz0Gh9LIGaj7xqAmjrl6daMYNnXjCPTdo9c+Tk2+52nEvmJcAnuiwHPWJEl4PVKeFjE6xxTIKMxhtR3vgtg==~1771366609069,page_load,
https://www.t-mobile.com/switch/new-customer-switch-deals?gclsrc=aw.ds&&cmpid=MGPO_PB_P_EVGRNPSTPD_26741626_135032613545_778421130718&gad_source=1&gad_campaignid=16905361619&gbraid=0AAAAAD79WuVp3FzMfqdMwPJ_7FaAIPxY1&gclid=CjwKCAiAmp3LBhAkEiwAJM2JUP4kDZK9CcD0UuQ8YGlNcofSRuqkLDt2TNpbyPnjkFGd4uEVF-h_khoCNucQAvD_BwE,kndctr_1358406C534BC94D0A490D4D_AdobeOrg_identity,CiY0NzY5NjQxMzY2ODY1OTIzMTgzMzc1Nzk1NTA2NTEyMjM2NzY0MVISCPTgte3GMxABGAEqA09SMjAA8AH04LXtxjM%3D,page_load,
https://www.t-mobile.com/switch/new-customer-switch-deals?gclsrc=aw.ds&&cmpid=MGPO_PB_P_EVGRNPSTPD_26741626_135032613545_778421130718&gad_source=1&gad_campaignid=16905361619&gbraid=0AAAAAD79WuVp3FzMfqdMwPJ_7FaAIPxY1&gclid=CjwKCAiAmp3LBhAkEiwAJM2JUP4kDZK9CcD0UuQ8YGlNcofSRuqkLDt2TNpbyPnjkFGd4uEVF-h_khoCNucQAvD_BwE,mboxEdgeCluster,35,page_load,
https://www.t-mobile.com/switch/new-customer-switch-deals?gclsrc=aw.ds&&cmpid=MGPO_PB_P_EVGRNPSTPD_26741626_135032613545_778421130718&gad_source=1&gad_campaignid=16905361619&gbraid=0AAAAAD79WuVp3FzMfqdMwPJ_7FaAIPxY1&gclid=CjwKCAiAmp3LBhAkEiwAJM2JUP4kDZK9CcD0UuQ8YGlNcofSRuqkLDt2TNpbyPnjkFGd4uEVF-h_khoCNucQAvD_BwE,bm_s,YAAQjdAuF9RMVVOcAQAAa3etbQQgBDCJJpAtlbBcNl/eIsdTK505XoIFaDkWRRZc/T/NEaK5Aqt1chtvV4Asv69UM8E94s93IjVeJlYwxUj2nxMFD0FylfEbBkMEoTwDF8upCw4WHCUX9XfyqBSHGQAltnsER1rOXl8GpWJJf9zqa/1g9i/2jFALVPoqXs/2nEv4x0Jo9h+/mLULlf2nZYMiCTab/a9tWaPg9UzWUACRE/N4ZSMEmkH6pD5gQoFqqjXwjuXcQYOkUvaMbc1J71EQJgCau0UjktplVbCYMOZn/L4tK2fLQYaTkcWJ5vxJBz3/LXCGn83xoj/VHoX0X/nhEKFlgjrcftRuH8MQLXdzUvlpBbrN8WWa/3fFhsUKrQmjz39YmWV+Q+GHs6lNiK7dG5orrHrAT6EDvySenltSX3QTOjPRY4JyeMd+WXUkINm86PxfYkdgaSgwLauVBnBPw46eKHfGoamB0/ilsl024tIejy8467xmBjnTw33EE/nEl13R5ZKy3nOWAVITAhmmAZDrfqDxu3+Uqh7IdxZxrxjIpLt5HvSVivYilcKHKcol/wI=,page_load,
https://www.t-mobile.com/switch/new-customer-switch-deals?gclsrc=aw.ds&&cmpid=MGPO_PB_P_EVGRNPSTPD_26741626_135032613545_778421130718&gad_source=1&gad_campaignid=16905361619&gbraid=0AAAAAD79WuVp3FzMfqdMwPJ_7FaAIPxY1&gclid=CjwKCAiAmp3LBhAkEiwAJM2JUP4kDZK9CcD0UuQ8YGlNcofSRuqkLDt2TNpbyPnjkFGd4uEVF-h_khoCNucQAvD_BwE,tntInfobot,true,page_load,
https://www.t-mobile.com/switch/new-customer-switch-deals?gclsrc=aw.ds&&cmpid=MGPO_PB_P_EVGRNPSTPD_26741626_135032613545_778421130718&gad_source=1&gad_campaignid=16905361619&gbraid=0AAAAAD79WuVp3FzMfqdMwPJ_7FaAIPxY1&gclid=CjwKCAiAmp3LBhAkEiwAJM2JUP4kDZK9CcD0UuQ8YGlNcofSRuqkLDt2TNpbyPnjkFGd4uEVF-h_khoCNucQAvD_BwE,a_token,eyJraWQiOiI0NDY3MzUxNy04MTc4LTJjYTMtOWU3MC1mZTZiYjg4YjU2OTIiLCJ0eXAiOiJKV1QiLCJhbGciOiJSUzI1NiJ9.eyJzdWIiOiJqWWZQdWNkYURmMjRVYkdLNkJ1NkFZN1N4VW5OY2I3SiIsInJ0Ijoie1wic2VnbWVudGF0aW9uSWRcIjpcIldFU1RcIn0iLCJpc3MiOiJodHRwczovL2FwaS50LW1vYmlsZS5jb20vb2F1dGgyL3Y2IiwiYXV0aFRpbWUiOiIxNzcxMzY2NjA5NTEyIiwiYXVkIjoiallmUHVjZGFEZjI0VWJHSzZCdTZBWTdTeFVuTmNiN0oiLCJ1c24iOiJkMjY3NjFiZC1iZjQxLTQyY2ItOTJlYS1hZWUxNjM5OTI5MjIiLCJzZW5kZXJJZCI6IlRNT1dFQkZPUk1TIiwibmJmIjoxNzcxMzY2NjA5LCJjbmYiOiJ7XCJhbGdcIjpcIlJTMjU2XCIsXCJlXCI6XCJBUUFCXCIsXCJleHRcIjp0cnVlLFwia2V5X29wc1wiOltcInZlcmlmeVwiXSxcImt0eVwiOlwiUlNBXCIsXCJuXCI6XCJ3OWQtMnhVenBLV2ZCcVJwSGthblFReGlQcVV1S1RFS3FSVFEwYzZiT0pNV19OdDlnZlhxbnRoUTVscWdRc1hIdng2aTN0UlVmd2JGZVdVX1o1UUpDV3c0R3ZORi02dksyOUZHX0sxczZneVUwejlNejlRc0lkLU1QaDhPZmtaUWVBVkhKRGxRSEJ1LW4yQXpCeWN2ZHdZNW9ILWVTV1dyZDJBNTRwMEVGcmNxdWJzWHRHLUkzT1BNR09CbURGS2xERWczUzVCVjl2U0daYnp4Z0RnQjVxSS02d3ltcXJ3aUdRbVZQRk1iOVBCVmZFTFBJM1JPNnZyTXpRcUNhNlFYQ0swaHhxZjNRaDlHYVQ1dlVzWUZDVXJNN0d6WGNpN251V1drLXN5ZzF1MTJUREYzWVJLNFVTLVBwUUpVamtkbEZxMjZ2V1U3dV9ydmZFMlVPT1FlLXdcIixcImtpZFwiOlwiY3NVa24wM2I2VURuNjJOSVp6V0IwcjFZMEpUUW9mQmRDTEdOcXBiV0wzY1wifSIsImV4cCI6MTc3MTk3MTQwOSwiYXBwbGljYXRpb25JZCI6IlRNTyIsImlhdCI6MTc3MTM2NjYwOSwianRpIjoiNzQ0NmZhZGYtOWMyMS00NDE1LTg1NGItMjJkNjIxNGQ2N2I4In0.DjhO2SqW0LSoEaxPb4FdjB_yRDF9nPCHS2cwE_Y38MSeK6e_8ACxgnDVhLcP5bNArUcswywW46o6rJ4AF7L59vg4FFcx9JJJKccwZYOMa3czL10fAiPYpsGnS_IqAmM5TW7cdaZnyXHqvqyjJA-l4Sy3t12IBJsZFedNqHefdRNDSBCDnDhhMrLckZG3fOfj9IP69rRJzFgaKkpGmpMx4K4tdXWGr-WzPj2j09SOHB-RCNWFO8S6mhgI_q1bcDo43RMCXZSwVF5oQtc7Pl94uPKTIAheYZ--9l9HmviCqYkORd2prVm7npfPA4XADcAH3OoStbdY0krQlIHnf3l1aQ,page_load,
https://www.t-mobile.com/switch/new-customer-switch-deals?gclsrc=aw.ds&&cmpid=MGPO_PB_P_EVGRNPSTPD_26741626_135032613545_778421130718&gad_source=1&gad_campaignid=16905361619&gbraid=0AAAAAD79WuVp3FzMfqdMwPJ_7FaAIPxY1&gclid=CjwKCAiAmp3LBhAkEiwAJM2JUP4kDZK9CcD0UuQ8YGlNcofSRuqkLDt2TNpbyPnjkFGd4uEVF-h_khoCNucQAvD_BwE,_gcl_aw,GCL.1771366610.CjwKCAiAmp3LBhAkEiwAJM2JUP4kDZK9CcD0UuQ8YGlNcofSRuqkLDt2TNpbyPnjkFGd4uEVF-h_khoCNucQAvD_BwE,page_load,
https://www.t-mobile.com/switch/new-customer-switch-deals?gclsrc=aw.ds&&cmpid=MGPO_PB_P_EVGRNPSTPD_26741626_135032613545_778421130718&gad_source=1&gad_campaignid=16905361619&gbraid=0AAAAAD79WuVp3FzMfqdMwPJ_7FaAIPxY1&gclid=CjwKCAiAmp3LBhAkEiwAJM2JUP4kDZK9CcD0UuQ8YGlNcofSRuqkLDt2TNpbyPnjkFGd4uEVF-h_khoCNucQAvD_BwE,bm_ss,ab8e18ef4e,page_load,
https://www.t-mobile.com/switch/new-customer-switch-deals?gclsrc=aw.ds&&cmpid=MGPO_PB_P_EVGRNPSTPD_26741626_135032613545_778421130718&gad_source=1&gad_campaignid=16905361619&gbraid=0AAAAAD79WuVp3FzMfqdMwPJ_7FaAIPxY1&gclid=CjwKCAiAmp3LBhAkEiwAJM2JUP4kDZK9CcD0UuQ8YGlNcofSRuqkLDt2TNpbyPnjkFGd4uEVF-h_khoCNucQAvD_BwE,TFPID,75a39652-3cf2-4372-994e-021ba7e9d756,page_load,
https://www.t-mobile.com/switch/new-customer-switch-deals?gclsrc=aw.ds&&cmpid=MGPO_PB_P_EVGRNPSTPD_26741626_135032613545_778421130718&gad_source=1&gad_campaignid=16905361619&gbraid=0AAAAAD79WuVp3FzMfqdMwPJ_7FaAIPxY1&gclid=CjwKCAiAmp3LBhAkEiwAJM2JUP4kDZK9CcD0UuQ8YGlNcofSRuqkLDt2TNpbyPnjkFGd4uEVF-h_khoCNucQAvD_BwE,moe_c_s,1,page_load,
https://www.t-mobile.com/switch/new-customer-switch-deals?gclsrc=aw.ds&&cmpid=MGPO_PB_P_EVGRNPSTPD_26741626_135032613545_778421130718&gad_source=1&gad_campaignid=16905361619&gbraid=0AAAAAD79WuVp3FzMfqdMwPJ_7FaAIPxY1&gclid=CjwKCAiAmp3LBhAkEiwAJM2JUP4kDZK9CcD0UuQ8YGlNcofSRuqkLDt2TNpbyPnjkFGd4uEVF-h_khoCNucQAvD_BwE,TFPIDS,75a39652-3cf2-4372-994e-021ba7e9d756,page_load,
https://www.t-mobile.com/switch/new-customer-switch-deals?gclsrc=aw.ds&&cmpid=MGPO_PB_P_EVGRNPSTPD_26741626_135032613545_778421130718&gad_source=1&gad_campaignid=16905361619&gbraid=0AAAAAD79WuVp3FzMfqdMwPJ_7FaAIPxY1&gclid=CjwKCAiAmp3LBhAkEiwAJM2JUP4kDZK9CcD0UuQ8YGlNcofSRuqkLDt2TNpbyPnjkFGd4uEVF-h_khoCNucQAvD_BwE,bm_sv,68BA82C7AAE86A8AF9E8516F91BA9697~YAAQjdAuF7dLVVOcAQAARnOtbR5aQVfAehRrMdA8BTQMUYsh0Q4YuPiI45j+ILPawccdhsOKKLCi4sgHiI76fvSOY8emrfQb7S/g4FLLe4aGgpQjVkUHFYdl4pVsEk7ZQejoTElkNF9taa/PZ1Ix+fawOq397VVqbwx9ssCPcneaeMAFKKAdeVcRjVTqPloKYx9W23Y7e8SuQdbKnZLEZ04tOnwqjiftCLRj9/kZLTL5wmjIfh60UQoL9IVeaxUCDVg=~1,page_load,
https://www.t-mobile.com/switch/new-customer-switch-deals?gclsrc=aw.ds&&cmpid=MGPO_PB_P_EVGRNPSTPD_26741626_135032613545_778421130718&gad_source=1&gad_campaignid=16905361619&gbraid=0AAAAAD79WuVp3FzMfqdMwPJ_7FaAIPxY1&gclid=CjwKCAiAmp3LBhAkEiwAJM2JUP4kDZK9CcD0UuQ8YGlNcofSRuqkLDt2TNpbyPnjkFGd4uEVF-h_khoCNucQAvD_BwE,invc,"[""i-5fa6c741-8225-494d-e20b-645c74c702e4"",""CjwKCAiAmp3LBhAkEiwAJM2JUP4kDZK9CcD0UuQ8YGlNcofSRuqkLDt2TNpbyPnjkFGd4uEVF-h_khoCNucQAvD_BwE"",null]",page_load,
https://www.t-mobile.com/switch/new-customer-switch-deals?gclsrc=aw.ds&&cmpid=MGPO_PB_P_EVGRNPSTPD_26741626_135032613545_778421130718&gad_source=1&gad_campaignid=16905361619&gbraid=0AAAAAD79WuVp3FzMfqdMwPJ_7FaAIPxY1&gclid=CjwKCAiAmp3LBhAkEiwAJM2JUP4kDZK9CcD0UuQ8YGlNcofSRuqkLDt2TNpbyPnjkFGd4uEVF-h_khoCNucQAvD_BwE,search_visitorId,2db7471b-50e7-4ffe-9aaa-6cfa892e8d3c,page_load,
https://www.t-mobile.com/switch/new-customer-switch-deals?gclsrc=aw.ds&&cmpid=MGPO_PB_P_EVGRNPSTPD_26741626_135032613545_778421130718&gad_source=1&gad_campaignid=16905361619&gbraid=0AAAAAD79WuVp3FzMfqdMwPJ_7FaAIPxY1&gclid=CjwKCAiAmp3LBhAkEiwAJM2JUP4kDZK9CcD0UuQ8YGlNcofSRuqkLDt2TNpbyPnjkFGd4uEVF-h_khoCNucQAvD_BwE,moe_i_m,q1Yqjc9UsgJSmSlKVkrmponGlmamRrrGyWlGuibG5ka6lpYmqboGRoZJieaplinmpmZKtbUA,page_load,
https://www.t-mobile.com/switch/new-customer-switch-deals?gclsrc=aw.ds&&cmpid=MGPO_PB_P_EVGRNPSTPD_26741626_135032613545_778421130718&gad_source=1&gad_campaignid=16905361619&gbraid=0AAAAAD79WuVp3FzMfqdMwPJ_7FaAIPxY1&gclid=CjwKCAiAmp3LBhAkEiwAJM2JUP4kDZK9CcD0UuQ8YGlNcofSRuqkLDt2TNpbyPnjkFGd4uEVF-h_khoCNucQAvD_BwE,moe_uuid,8a514636-f9c5-4c32-8d24-3f5c1d0a462c,page_load,
https://www.t-mobile.com/switch/new-customer-switch-deals?gclsrc=aw.ds&&cmpid=MGPO_PB_P_EVGRNPSTPD_26741626_135032613545_778421130718&gad_source=1&gad_campaignid=16905361619&gbraid=0AAAAAD79WuVp3FzMfqdMwPJ_7FaAIPxY1&gclid=CjwKCAiAmp3LBhAkEiwAJM2JUP4kDZK9CcD0UuQ8YGlNcofSRuqkLDt2TNpbyPnjkFGd4uEVF-h_khoCNucQAvD_BwE,ak_bmsc,2813BEEFAF4F6EF7A943FEDA8E7BDB95~000000000000000000000000000000~YAAQjdAuF4ZLVVOcAQAAwnKtbR5n5Cut8+RtGO4g2L4gEGByi5Ef0et68y4wNHMFbDQOKDWPjoGLdomPJVnFVgTxswRYU/c5D5QdULVtbtRMRPtZ6aOmaaCIyxz0sC2Q1bqxKI4my1ItbD8NtGfB54B05tzMNM+iuaKfG2JZ8oNL/dkqdGW/sb3rAVbH/nZ6CDVma/HqL7A2Bj3iZ78TJ4VZ12Mfm3CMCBr0VlrZJu5SxbY3mY6lQI92psPTADb3QJE6rbF9vXXKwkFQ8CxKZCh9m1gKP2JJTOrkIOXPFup2aKXuN3In73455OZye7Cx1GkHdLmuQzglAmQaXXdnXT48pbAQ1Lf8CTnQ2WFRCCx8lVP6HdtgIatq84UZW+45Ap9gZv+Sor33OhsbrHNCx2h2ak8Rebl5VcOmxxj8UuKkqeRhzfXtbh1Gw0PKVX6ih8RdudQBzg7NJ8iHpQfxY9AeL1V30e0EXLBjsRStHIwzDwC9vIos6qb+hT/AycK1Eqig,page_load,
https://www.t-mobile.com/switch/new-customer-switch-deals?gclsrc=aw.ds&&cmpid=MGPO_PB_P_EVGRNPSTPD_26741626_135032613545_778421130718&gad_source=1&gad_campaignid=16905361619&gbraid=0AAAAAD79WuVp3FzMfqdMwPJ_7FaAIPxY1&gclid=CjwKCAiAmp3LBhAkEiwAJM2JUP4kDZK9CcD0UuQ8YGlNcofSRuqkLDt2TNpbyPnjkFGd4uEVF-h_khoCNucQAvD_BwE,portInTransferExp,true,page_load,
https://www.t-mobile.com/switch/new-customer-switch-deals?gclsrc=aw.ds&&cmpid=MGPO_PB_P_EVGRNPSTPD_26741626_135032613545_778421130718&gad_source=1&gad_campaignid=16905361619&gbraid=0AAAAAD79WuVp3FzMfqdMwPJ_7FaAIPxY1&gclid=CjwKCAiAmp3LBhAkEiwAJM2JUP4kDZK9CcD0UuQ8YGlNcofSRuqkLDt2TNpbyPnjkFGd4uEVF-h_khoCNucQAvD_BwE,moe_u_d,HY1JCsMwDAD_onMEXmSrymeMastQCBSauJfgvzfNaZjLzAkK6wnj1f74wgqcNEpOAWPtASlyQBEydME_lU0apwwLjKIHrJ7Zx5yzExI_5wJ7eW9Xquu22wKtaGt2-fEZt94fEGo9mjF2qxEpVYdi_oHOHHElc0EV5g8,page_load,
https://www.t-mobile.com/switch/new-customer-switch-deals?gclsrc=aw.ds&&cmpid=MGPO_PB_P_EVGRNPSTPD_26741626_135032613545_778421130718&gad_source=1&gad_campaignid=16905361619&gbraid=0AAAAAD79WuVp3FzMfqdMwPJ_7FaAIPxY1&gclid=CjwKCAiAmp3LBhAkEiwAJM2JUP4kDZK9CcD0UuQ8YGlNcofSRuqkLDt2TNpbyPnjkFGd4uEVF-h_khoCNucQAvD_BwE,moe_s_n,RcoxDoMwDIXhu3hOJKcxjsNVqspqIJaqqmUIG-LuEBbG971_g6ZfGEHYGLFUH_ltnh5h8sWK-EBWCW3OkWZwZ9x0hTGkFCIzYyZJXX-XCqKDST-69vl89afevRDmgQcHf120nbof,page_load,
https://www.t-mobile.com/switch/new-customer-switch-deals?gclsrc=aw.ds&&cmpid=MGPO_PB_P_EVGRNPSTPD_26741626_135032613545_778421130718&gad_source=1&gad_campaignid=16905361619&gbraid=0AAAAAD79WuVp3FzMfqdMwPJ_7FaAIPxY1&gclid=CjwKCAiAmp3LBhAkEiwAJM2JUP4kDZK9CcD0UuQ8YGlNcofSRuqkLDt2TNpbyPnjkFGd4uEVF-h_khoCNucQAvD_BwE,kndctr_1358406C534BC94D0A490D4D_AdobeOrg_cluster,or2,page_load,
https://www.t-mobile.com/switch/new-customer-switch-deals?gclsrc=aw.ds&&cmpid=MGPO_PB_P_EVGRNPSTPD_26741626_135032613545_778421130718&gad_source=1&gad_campaignid=16905361619&gbraid=0AAAAAD79WuVp3FzMfqdMwPJ_7FaAIPxY1&gclid=CjwKCAiAmp3LBhAkEiwAJM2JUP4kDZK9CcD0UuQ8YGlNcofSRuqkLDt2TNpbyPnjkFGd4uEVF-h_khoCNucQAvD_BwE,tmobglobalshareddata,%7B%22creditProfileId%22%3A%22grqwknzvhe4wmljwhaydsljugizgmllbgrsdmllggm2wgnlcgezdcnrygu%3D%22%2C%22profileId%22%3A%22ga3wcmtdme4tmljugvrwiljug5rggljyhe4dsllegy3genrumm2tsyzwgy%3D%22%2C%22profileAccountId%22%3A%22mjsdsn3gmu4tklldhfrdsljugbsdgljygaztsljvmmyggmbqme4gcmlggu%3D%22%7D,page_load,
https://www.t-mobile.com/switch/new-customer-switch-deals?gclsrc=aw.ds&&cmpid=MGPO_PB_P_EVGRNPSTPD_26741626_135032613545_778421130718&gad_source=1&gad_campaignid=16905361619&gbraid=0AAAAAD79WuVp3FzMfqdMwPJ_7FaAIPxY1&gclid=CjwKCAiAmp3LBhAkEiwAJM2JUP4kDZK9CcD0UuQ8YGlNcofSRuqkLDt2TNpbyPnjkFGd4uEVF-h_khoCNucQAvD_BwE,bm_so,6E084CAD316C133ADC282DA82A6F921E46D3D983713BAF92D6091DF2901C0B1B~YAAQjdAuF6pKVVOcAQAAfW+tbQY4iu6cCsKT/2xGtlgXBzBZqYuB/Gsw+mdIMWyrEyYLiq+B31kXtPsAPKqCTGv3z/fyGPsZm9vzMNZKj6KBIjxIVzgBpaI27ChvQn9ZmSj7FLA6q5IaH9bDznQYF0rrMnDzP2YpG0pF5i82ArUVER8ku9PMCsxOTxBGX9oGQDvCdQgYMva3efTtLV2MzVtLWLlqENSHawFPlwg0iwu1B1r3XLatl+re9GTS3P80KXnxkW7TnIl8csaYjuLex8zT3zTDAENuqyE2q5SU6OttAiksQCL6q7saygz5l1z/jSgYCs3CNcFqC8mDdkWaaK56ZgxIvJSY/E4MUsE6oIpeJli74FPiX8x82MWo987FqYHXz0Gh9LIGaj7xqAmjrl6daMYNnXjCPTdo9c+Tk2+52nEvmJcAnuiwHPWJEl4PVKeFjE6xxTIKMxhtR3vgtg==,page_load,
https://www.t-mobile.com/switch/new-customer-switch-deals?gclsrc=aw.ds&&cmpid=MGPO_PB_P_EVGRNPSTPD_26741626_135032613545_778421130718&gad_source=1&gad_campaignid=16905361619&gbraid=0AAAAAD79WuVp3FzMfqdMwPJ_7FaAIPxY1&gclid=CjwKCAiAmp3LBhAkEiwAJM2JUP4kDZK9CcD0UuQ8YGlNcofSRuqkLDt2TNpbyPnjkFGd4uEVF-h_khoCNucQAvD_BwE,_gcl_gs,2.1.k1$i1771366608$u182439970,page_load,
https://www.t-mobile.com/switch/new-customer-switch-deals?gclsrc=aw.ds&&cmpid=MGPO_PB_P_EVGRNPSTPD_26741626_135032613545_778421130718&gad_source=1&gad_campaignid=16905361619&gbraid=0AAAAAD79WuVp3FzMfqdMwPJ_7FaAIPxY1&gclid=CjwKCAiAmp3LBhAkEiwAJM2JUP4kDZK9CcD0UuQ8YGlNcofSRuqkLDt2TNpbyPnjkFGd4uEVF-h_khoCNucQAvD_BwE,_abck,1B305392BEFD5734313323C404B46DCE~-1~YAAQjdAuF6ZKVVOcAQAAfW+tbQ/O5Gmu73VqEl4MhYr449XbVa/pyZ9eaJ0AYizX9uiDXh4A3e2aiiJd73WjDmYz2XdlbaCelRV3vL9lt/IikZbFPXJaq1n73m3jMsIyppRltfSv/EeT+IsTE4CEM2aP1E3eQ7VCxoHYNJlWtoTYtWPo1GZjol1Q3utXfzL3ApWoogL4UINFfejv77W/tkh0yhpfRZWrgr1S6ZQYsTWNJsgm9aEQrt6yhQzpvAsGVbC587chO+vZg5G6uPE2oLiUX8k/NB9gzm2zsAjE7i3JfXRQ7URLlhROt55DEAJ9sdnrkjEsQjrwmY9LRLcwF0ISNmtdv6Z5AoiRId8x2E6pcaQpNUz8zS8zbUCWJIPZ0pMh9KJvpG8P31G/zj/oK1qItPteWTrOMU8CJLYfBC51S/3ddz91EN81iXD4HWmoe7hIr3hMBWAEvQ==~-1~-1~-1~-1~-1,page_load,
https://www.t-mobile.com/switch/new-customer-switch-deals?gclsrc=aw.ds&&cmpid=MGPO_PB_P_EVGRNPSTPD_26741626_135032613545_778421130718&gad_source=1&gad_campaignid=16905361619&gbraid=0AAAAAD79WuVp3FzMfqdMwPJ_7FaAIPxY1&gclid=CjwKCAiAmp3LBhAkEiwAJM2JUP4kDZK9CcD0UuQ8YGlNcofSRuqkLDt2TNpbyPnjkFGd4uEVF-h_khoCNucQAvD_BwE,_ga_SK38WR4SG9,GS2.1.s1771366609$o1$g0$t1771366609$j60$l0$h0,page_load,
https://www.t-mobile.com/switch/new-customer-switch-deals?gclsrc=aw.ds&&cmpid=MGPO_PB_P_EVGRNPSTPD_26741626_135032613545_778421130718&gad_source=1&gad_campaignid=16905361619&gbraid=0AAAAAD79WuVp3FzMfqdMwPJ_7FaAIPxY1&gclid=CjwKCAiAmp3LBhAkEiwAJM2JUP4kDZK9CcD0UuQ8YGlNcofSRuqkLDt2TNpbyPnjkFGd4uEVF-h_khoCNucQAvD_BwE,OptanonConsent,isGpcEnabled=0&datestamp=Tue+Feb+17+2026+14%3A16%3A49+GMT-0800+(Pacific+Standard+Time)&version=202209.1.0&isIABGlobal=false&hosts=&consentId=92a0c8ff-5b45-4392-8f52-78d73c021970&interactionCount=0&landingPath=https%3A%2F%2Fwww.t-mobile.com%2Fswitch%2Fnew-customer-switch-deals%3Fgclsrc%3Daw.ds%26%26cmpid%3DMGPO_PB_P_EVGRNPSTPD_26741626_135032613545_778421130718%26gad_source%3D1%26gad_campaignid%3D16905361619%26gbraid%3D0AAAAAD79WuVp3FzMfqdMwPJ_7FaAIPxY1%26gclid%3DCjwKCAiAmp3LBhAkEiwAJM2JUP4kDZK9CcD0UuQ8YGlNcofSRuqkLDt2TNpbyPnjkFGd4uEVF-h_khoCNucQAvD_BwE&groups=CX%3A0%2CC0001%3A1%2CC0003%3A1%2CC0002%3A1%2CC0004%3A1%2Cgpc%3A1,page_load,
https://www.t-mobile.com/switch/new-customer-switch-deals?gclsrc=aw.ds&&cmpid=MGPO_PB_P_EVGRNPSTPD_26741626_135032613545_778421130718&gad_source=1&gad_campaignid=16905361619&gbraid=0AAAAAD79WuVp3FzMfqdMwPJ_7FaAIPxY1&gclid=CjwKCAiAmp3LBhAkEiwAJM2JUP4kDZK9CcD0UuQ8YGlNcofSRuqkLDt2TNpbyPnjkFGd4uEVF-h_khoCNucQAvD_BwE,AMCV_1358406C534BC94D0A490D4D%40AdobeOrg,MCMID|47696413668659231833757955065122367641,page_load,
